/* INSERTS */

/*Planets*/
INSERT INTO Planets 
(planet_id, planet_name, 		 distance,     discovery_date, is_colony, is_life, lifeAppearance_date, satellites, last_visit_date, is_indigenous_people, indigenous_status, indigenous_stage, create_date,  update_date) VALUES
(1, 		'17 Ursa Majoris b', 	1321, 	   '2010-07-21', 	1, 			1, 		NULL,				0, 			'2022-05-12', 		1,                   'moderate',        4,                '2024-05-12', NULL),
(2, 		'61 Virginis c', 		2323, 	   '1998-11-19', 	1, 			1, 		'1001-01-01', 		0, 			'2021-12-15',       1,                   'low',             1,                '2024-05-12', NULL),
(3, 		'55 Cancri-c', 			32, 	   '2015-03-08', 	0, 			1, 		NULL 		 		1, 			'2999-05-12',       0,                   NULL,              0,                '2024-05-12', NULL),
(4,			'70-Virginis-b', 		242, 	   '2012-09-29', 	0, 			0, 		'2077-11-14', 		2, 			'2047-02-22',       0,                   NULL,              0,                '2024-05-12', NULL),
(5,		 	'47-Ursae Majoris b',	123, 	   '2022-12-25', 	0, 			0, 		'2235-07-16', 		79,			'2999-12-31',       0,                   NULL,              0,                '2024-05-12', NULL),
(6, 		'14 Herculis b', 		45173,     '2007-02-14', 	1, 			1, 		NULL, 				82, 		'2017-07-04',       1,                   'low',             0,                '2024-05-12', NULL),
(7, 		'51 Pegasi b', 			124, 	   '1979-04-12', 	1, 			1, 		'1062-03-05', 		27, 		'2022-09-31',       0,                   NULL,              0,                '2024-05-12', NULL),
(8, 		'14 Andromedae b',		351324,    '2012-08-01', 	0, 			0, 		'2184-12-24', 		14, 		'2999-12-31',       0,                   NULL,              0,                '2024-05-12', NULL),
(9, 		'55 Cancri e', 			4253, 	   '2009-06-10', 	1, 			1, 		NULL, 				5, 			'2021-12-31',       0,                   NULL,              0,                '2024-05-12', NULL),
(10, 		'Proxima Centauri b',   1585, 	   '2020-01-01', 	0, 			1, 		NULL,				0, 			'2999-12-31',       1,                   'extreme',         6,                '2024-05-12', NULL);
(11, 		'Gliese 581 g', 		20, 	   '2010-09-24', 	1, 			1, 		NULL, 				4, 			'2022-06-28',       0,                   NULL,         		0,                '2024-05-12', NULL),
(12, 		'Kepler-186f', 			513, 	   '2011-04-18', 	1, 			1, 		NULL, 				1, 			'2019-03-08',       1,                   'moderate',        3,                '2024-05-12', NULL),
(13, 		'Tau Ceti e', 			11.9, 	   '2017-01-10', 	1, 			1, 		'999-01-01', 		5, 			'2016-09-09',       0,                   NULL,              0,                '2024-05-12', NULL),
(14, 		'Wolf 1061c', 			14.7, 	   '2013-06-07', 	1, 			1, 		'0031-01-01', 		0, 			'2012-11-20',       1,                   'high',            5,                '2024-05-12', NULL),
(15, 		'LHS 1140b', 			40.7, 	   '2017-04-19', 	1, 			1, 		NULL, 				1, 			'2006-02-15',       0,                   NULL,              0,                '2024-05-12', NULL);


/*Colonies*/																																				
INSERT INTO Colonies 
(colony_id, colony_name, 	   population, settle_date,  status,          		economy_stage, location, 				 home_planet, create_date,   update_date) VALUES
(1,         'Starhaven',       1000,       '2022-06-28', 'functioning', 		6,             (12.345678, 45.678912),   11,           '2024-05-12', NULL),
(2,         'Lunar Crest',     500,        '2006-02-15', 'under construction',  3,             (23.456789, -67.891234),  15,           '2024-05-12', NULL),
(3,         'Nova Springs',    2000,       '2019-03-08', 'functioning', 		8,             (-34.567890, 123.456789), 12,           '2024-05-12', NULL),
(4,         'Celestial Reach', 800,        '2022-09-31', 'evacuated', 			5,             (-12.345678, -45.678912), 7,            '2024-05-12', NULL),
(5,         'Aurora Fields',   1500,       '2021-12-15', 'functioning', 		7,             (-23.456789, 67.891234),  2,            '2024-05-12', NULL),
(6,         'Galaxy Ridge',    300,        '2016-09-09', 'abandoned', 			4,             (34.567890, -123.456789), 13,           '2024-05-12', NULL),
(7,         'Solar Heights',   1200,       '2022-05-12', 'under construction',  A2,            (0, 0),                   1,            '2024-05-12', NULL),
(8,         'Stellar Glade',   2500,       '2017-07-04', 'functioning', 		9,             (0, 0),                   6,            '2024-05-12', NULL),
(9,         'Cosmos Cove',     700,        '2021-12-31', 'functioning', 		6,             (0, 0),                   9,            '2024-05-12', NULL),
(10,        'Nebula Haven',    1800,       '2012-11-20', 'functioning', 		8,             (0, 0),                   14,           '2024-05-12', NULL);


INSERT INTO ColonizationStages (stage_id, stage_name, stage_description) VALUES
(1,  'Pioneers', 					'A small group of people arrives at a new location and begins to settle the land. They build the first shelters, plant crops, and raise animals.'),
(2,  'Self-Sufficiency', 			'The colony becomes self-sufficient and can sustain itself without outside assistance. Agriculture, crafts, and local trade develop.'),
(3,  'Agrarian Export', 			'The colony begins to produce surpluses of agricultural products, which are exported to the metropolis or other regions. This leads to increased trade and prosperity for the colonists.'),
(4,  'Crafts Development', 			'Crafts and manufacturing develop in the colony. This leads to urban population growth and increased demand for goods and services.'),
(5,  'Trade Expansion', 			'The colony expands its trading network and begins to trade with other colonies and the metropolis. This results in increased wealth and influence for the colony.'),
(6,  'Colonial Trade Monopoly', 	'The metropolis establishes a monopoly on trade with the colony. This leads to increased economic inequality and tension between the colony and the metropolis.'),
(7,  'Industrial Revolution', 		'The colony undergoes an industrial revolution, transitioning from manual to machine labor. This leads to increased labor productivity, urban population growth, and worsening living conditions for workers.'),
(8,  'Industrial Growth', 			'The colony becomes a major industrial center. Heavy and light industry, transportation, and communication develop.'),
(9,  'Imperialism', 				'The colony itself may become an empire and seize other territories. This leads to increased power and influence on the world stage.'),
(10, 'Deindustrialization', 		'The colony begins deindustrialization, transitioning from industrial production to the service sector. This leads to a decrease in the number of workers and an increase in unemployment.'),
(11, 'Service Sector Development', 	'The service sector, including finance, education, healthcare, and tourism, develops in the colony. This leads to an increase in the number of white-collar workers and a greater role for information technology.'),
(12, 'Globalization', 				'The colony becomes part of the global economy and is interconnected with other regions of the world.');


/* Ecosystems */
INSERT INTO Ecosystems 
(ecosystem_id, ecosystem_name, 			description, 													create_date,  update_date) VALUES
(1,            'Tropical forests', 	  	'Forest ecosystems with high temperature and humidity',		 	'2024-05-12', NULL),     
(2,            'Deserts', 			  	'Ecosystems with high temperature and low humidity',			'2024-05-12', NULL),     
(3,            'Tundra', 				'Ecosystems with low temperature and humidity',				 	'2024-05-12', NULL),     
(4,            'Savannas', 		  	  	'Ecosystems with high temperature and sparse vegetation',	 	'2024-05-12', NULL),     
(5,            'Coniferous forests', 	'Forest ecosystems with coniferous trees and moderate climate', '2024-05-12', NULL),     
(6,            'Broadleaf forests',  	'Forest ecosystems with broadleaf trees and moderate climate',  '2024-05-12', NULL),     
(7,            'Meadows', 			  	'Vegetative ecosystems with high humidity and fodder grasses',  '2024-05-12', NULL),     
(8,            'Mediterranean forests', 'Forest ecosystems characteristic of the Mediterranean region', '2024-05-12', NULL),     
(9,            'Swamps',				'Ecosystems with high humidity and low productivity',		    '2024-05-12', NULL),     
(10,           'Rocks', 				'Geological ecosystems characterized by rocky formations',      '2024-05-12', NULL);     

INSERT INTO EcosystemVariants 
(subtype_id, subtype_name,                    atmospheric_pressure, temperature, description, ecosystem_id) VALUES
(1,          'Rainforests',                   1000,                 25,          'Lush and dense forests characterized by high rainfall and humidity.',        					                                        1),
(2,          'Wet forests',                   950,                  22,          'Forests with abundant moisture, often found near rivers or in areas with high precipitation.',                                          1),
(3,          'Cloud forests',                 900,                  20,          'Forests enveloped in clouds, creating a unique ecosystem with high biodiversity.',      		                                        1),
(4,          'Mangrove forests',              950,                  28,          'Coastal forests consisting of salt-tolerant trees and shrubs adapted to brackish water.',    	                                        1),
(5,          'Sandy deserts',                 980,                  40,          'Desolate landscapes dominated by sand dunes, with sparse vegetation and extreme temperatures.',                                         2),
(6,          'Rocky deserts',                 1000,                 45,          'Harsh environments characterized by rocky terrain and minimal vegetation.',       				                                        2),
(7,          'Clay deserts',                  990,                  38,          'Deserts with clay-rich soil, supporting limited plant life adapted to arid conditions.',     	                                        2),
(8,          'Salt flats',                    1005,                 50,          'Flat expanses covered with salt and devoid of vegetation, often found in arid regions.',       	                                        2),
(9,          'Arctic tundra',                 900,                  -10,         'Treeless landscapes found in the Arctic region, characterized by low temperatures and permafrost.',                                     3),
(10,         'Alpine tundra',                 850,                  -5,          'High-altitude ecosystems similar to the Arctic tundra, with cold temperatures and rocky terrain.',                                      3),
(11,         'Tropical savannas',             980,                  30,          'Grasslands dotted with scattered trees and shrubs, typical of tropical regions with distinct wet and dry seasons.',                     4),
(12,         'Temperate savannas',            950,                  25,          'Savannas found in temperate climates, characterized by grasslands and occasional trees.',                                               4),
(13,         'Taiga',                         950,                  15,          'Coniferous forests stretching across northern regions, with cold temperatures and acidic soil.',      				                    5),
(14,         'Boreal forests',                970,                  12,          'Forests dominated by evergreen trees, adapted to cold climates and short growing seasons.',                                             5),
(15,         'Temperate broadleaf forests',   960,           		20,          'Deciduous forests with a mix of broadleaf trees, found in temperate regions with distinct seasons.',                                    6),
(16,         'Subtropical broadleaf forests', 980,           		25,          'Diverse forests with broadleaf trees, common in subtropical regions with warm temperatures and high humidity.',                         6),
(17,         'Steppe meadows',                970,                  28,          'Grasslands with low rainfall and short grasses, often found in semi-arid regions.',   								                    7),
(18,         'Prairies',                      980,                  30,          'Vast grasslands with fertile soil, supporting diverse plant and animal life.',   									                    7),
(19,         'Pampas',                        970,                  32,          'Grasslands found in South America, known for their rich biodiversity and agricultural significance.',      			                    7),
(20,         'Savannas',                      985,                  35,          'Open grasslands with scattered trees and shrubs, common in tropical and subtropical regions.',  					                    7),
(21,         'Mediterranean forests',         960,           		22,          'Forests adapted to Mediterranean climates, characterized by mild, wet winters and hot, dry summers.',    			                    8),
(22,         'Chaparral',                     980,    		        28,          'Shrublands found in Mediterranean climates, with drought-resistant vegetation adapted to wildfires.',    			                    8),
(23,         'Peat bogs',                     960,                  18,          'Wetlands characterized by waterlogged peat soil and acidic conditions, supporting unique plant species.',     		                    9),
(24,         'Freshwater swamps',             970,                  20,          'Swamps located near freshwater sources, with diverse aquatic and plant life.',  									                    9),
(25,         'Mangrove swamps',               980,                  28,          'Coastal swamps dominated by mangrove trees, providing habitat for various marine species.',    						                    9),
(26,         'Mountain rocks',                950,                  10,          'Rocky terrain found in mountainous regions, with sparse vegetation and harsh conditions.',     						                    10),
(27,         'Cliff rocks',                   960,                  15,          'Vertical rock faces along cliffs and mountain slopes, home to specialized plant and animal species adapted to the rugged environment.', 10);



/*Resources*/
INSERT INTO Resources 
(resourse_id, resource_name, resource_type, availability_status, create_date,  update_date) VALUES
(1,           'Helium', 	 'gas',			0,                   '2024-05-12', NULL),
(2,           'Gold', 		 'mineral', 	0,                   '2024-05-12', NULL),
(3,           'Water', 		 'water', 		0,                   '2024-05-12', NULL),
(4,           'Solar Power', 'energy', 		1,                   '2024-05-12', NULL),
(5,           'Bacteria', 	 'biological', 	2,                   '2024-05-12', NULL),
(6,           'Oxygen', 	 'gas', 		0,                   '2024-05-12', NULL),
(7,           'Iron', 		 'mineral', 	1,                   '2024-05-12', NULL),
(8,           'Oil', 		 'energy', 		2,                   '2024-05-12', NULL),
(9,           'Diamonds',    'mineral', 	0,                   '2024-05-12', NULL),
(10,          'Copper', 	 'mineral', 	0,                   '2024-05-12', NULL);

/*Expeditions*/
INSERT INTO Expeditions 
(expedition_id, start_date, 		   end_date, 			   expedition_purpose, expedition_commander, expedition_direction, create_date,  update_date) VALUES                                                                                                                                                 
(1,             '2011-07-17 08:00:00', '2012-08-01 00:00:00',  'research', 	       NULL,                 1,                    '2024-05-12', NULL),                                                                   
(2,             '2022-06-28 10:00:00', '2022-07-20 10:00:00',  'colonization',     NULL,                 1,                    '2024-05-12', NULL),                                                               
(3,             '2024-02-15 00:00:00', '2024-02-18 00:00:00',  'rescue',      	   NULL,                 1,                    '2024-05-12', NULL),                                                               
(4,             '2008-11-19 12:00:00', '2012-01-01 13:00:00',  'research', 		   NULL,                 2,                    '2024-05-12', NULL),                                                                     
(5,             '2021-12-15 09:00:00', '2022-10-06 15:00:00',  'colonization', 	   NULL,                 2,                    '2024-05-12', NULL),                                                                   
(6,             '2010-05-05 11:00:00', '2015-05-05 11:00:00',  'research',	       NULL,                 6,                    '2024-05-12', NULL),                                                               
(7,             '2017-07-04 08:00:00', '2019-02-04 08:00:00',  'colonization', 	   NULL,                 6,                    '2024-05-12', NULL),                                                                     
(8,             '2006-07-15 10:00:00', '2011-07-15 19:00:00',  'research',  	   NULL,                 7,                    '2024-05-12', NULL),                                                                  
(9,             '2022-09-31 12:00:00', '2022-12-31 09:00:00',  'colonization',     NULL,                 7,                    '2024-05-12', NULL),                                                               
(10,            '2023-08-10 12:00:00', '2023-08-27 20:00:00',  'rescue',      	   NULL,                 7,                    '2024-05-12', NULL),                                                               
(11,            '2010-09-16 09:00:00', '2011-09-16 11:00:00',  'research', 	       NULL,                 9,                    '2024-05-12', NULL),                                                                     
(12,            '2021-12-31 11:00:00', '2022-11-09 18:00:00',  'colonization',	   NULL,                 9,                    '2024-05-12', NULL),                                                                  
(13,            '2011-03-17 20:00:00', '2013-08-29 11:00:00',  'research',	       NULL,                 11,                   '2024-05-12', NULL),                                                                  
(14,            '2024-02-15 15:00:00', '2024-05-12 21:00:00',  'colonization',	   NULL,                 11,                   '2024-05-12', NULL),                                                                  
(15,            '2013-10-11 05:00:00', '2013-10-11 05:00:00',  'research',	       NULL,                 12,                   '2024-05-12', NULL),                                                                  
(16,            '2019-03-08 11:00:00', '2010-02-16 22:00:00',  'colonization',	   NULL,                 12,                   '2024-05-12', NULL),                                                                  
(17,            '2015-01-02 09:00:00', '2015-06-13 09:00:00',  'research',	       NULL,                 13,                   '2024-05-12', NULL),                                                                  
(18,            '2016-09-09 08:00:00', '2017-02-01 23:00:00',  'colonization',	   NULL,                 13,                   '2024-05-12', NULL),                                                                  
(19,            '2024-02-20 12:00:00', '2024-03-14 12:00:00',  'rescue',	  	   NULL,                 13,                   '2024-05-12', NULL),                                                                  
(20,            '2015-02-05 13:00:00', '2015-08-09 16:00:00',  'research',	       NULL,                 14,                   '2024-05-12', NULL),                                                                  
(21,            '2016-11-20 18:00:00', '2018-01-02 18:00:00',  'colonization',     NULL,                 14,                   '2024-05-12', NULL),                                                                  
(22,            '2004-10-01 09:00:00', '2004-10-01 09:00:00',  'research',	       NULL,                 15,                   '2024-05-12', NULL),                                                                  
(23,            '2006-02-15 11:00:00', '2008-05-07 21:00:00',  'colonization',	   NULL,                 15,                   '2024-05-12', NULL),                                                                  
(24,            '2022-10-20 11:00:00', '2023-12-27 11:00:00',  'rescue',		   NULL,                 15,                   '2024-05-12', NULL);                                                                  
                                                                                                                                                       
/*Teams*/
INSERT INTO Teams 
(team_id, team_name, team_commander,   team_field, 		 team_size, create_date,  update_date) VALUES                                                                                                 
(1,       'Alpha',   'John Smith', 	   'researches', 	 15,        '2024-05-12', NULL),                              
(2,       'Beta', 	 'Jane Doe', 	   'transportation', 10,        '2024-05-12', NULL),                             
(3,       'Gamma', 	 'Robert Johnson', 'guides', 		 8,         '2024-05-12', NULL),                               
(4,       'Delta', 	 'Emily Williams', 'researches', 	 12,        '2024-05-12', NULL),                          
(5,       'Epsilon', 'Michael Brown',  'transportation', 9,         '2024-05-12', NULL),                      
(6,       'Zeta', 	 'Jessica Wilson', 'guides', 		 7,         '2024-05-12', NULL),                                
(7,       'Eta', 	 'David Jones',    'researches', 	 14,        '2024-05-12', NULL),                               
(8,       'Theta', 	 'Karen Miller',   'transportation', 11,        '2024-05-12', NULL),                        
(9,       'Iota', 	 'Daniel Garcia',  'guides', 		 6,         '2024-05-12', NULL),                                 
(10,      'Kappa', 	 'Lisa Martinez',  'researches', 	 13,        '2024-05-12', NULL);                          
                                                                                                       
/*Researchers*/
-- Команда Alpha (размер команды: 15)
INSERT INTO Researchers 
(researchers_id, name, 		    surname, 	 	age, post, 				           team,   hiring_date) VALUES 
(1,              'John', 	    'Doe', 	 	    35,  'Research Scientist',         1,      '2024-05-12'),
(2,              'Alice', 	    'Johnson',      28,  'Research Assistant',         1,      '2024-05-12'),
(3,              'Michael',     'Smith', 	    40,  'Senior Researcher',          1,      '2024-05-12'),
(4,              'Sarah', 	    'Brown', 	    30,  'Junior Researcher',          1,      '2024-05-12'),
(5,              'David', 	    'Taylor', 	    45,  'Lead Researcher', 	       1,      '2024-05-12'),
(6,              'Emma', 	    'Martinez',     33,  'Research Scientist',         1,      '2024-05-12'),
(7,              'James',	    'Garcia', 	    29,  'Research Analyst', 	       1,      '2024-05-12'),
(8,              'Olivia', 	    'Martinez',     42,  'Senior Research Scientist',  1,      '2024-05-12'),
(9,              'Noah', 	    'Jones', 	    38,  'Junior Researcher',          1,      '2024-05-12'),
(10,             'Sophia',      'Wilson', 	    32,  'Research Engineer',          1,      '2024-05-12'),
(11,             'Ethan', 	    'Taylor', 	    27,  'Lead Researcher', 		   1,      '2024-05-12'),
(12,             'Ava', 	    'Wilson', 	    29,  'Research Scientist', 	   	   1,      '2024-05-12'),
(13,             'William',     'Brown', 	    34,  'Research Analyst', 		   1,      '2024-05-12'),
(14,             'Isabella',    'Martinez',     36,  'Senior Research Scientist',  1,      '2024-05-12'),
(15,             'Liam', 	    'Garcia', 	    31,  'Junior Researcher', 		   1,      '2024-05-12'),
(16,             'Oliver', 	    'Taylor', 	    33,  'Research Scientist', 		   2,      '2024-05-12'),
(17,             'Mia', 	    'Martinez',     28,  'Research Analyst', 		   2,      '2024-05-12'),
(18,             'Elijah', 	    'Wilson', 	    40,  'Senior Research Scientist',  2,      '2024-05-12'),
(19,             'Charlotte',   'Jones', 	    26,  'Junior Researcher', 		   2,      '2024-05-12'),
(20,             'Benjamin',    'Garcia', 	    35,  'Research Engineer', 		   2,      '2024-05-12'),
(21,             'Amelia', 	    'Brown', 	    29,  'Lead Researcher', 		   2,      '2024-05-12'),
(22,             'Lucas', 	    'Taylor',       31,  'Research Scientist', 	  	   2,      '2024-05-12'),
(23,             'Ava', 	    'Martinez',     37,  'Research Analyst',  		   2,      '2024-05-12'),
(24,             'Logan',       'Wilson',       27,  'Senior Research Scientist',  2,      '2024-05-12'),
(25,             'Emma', 	    'Jones', 	    38,  'Junior Researcher', 		   2,      '2024-05-12'),
(26,             'William',     'Garcia',       34,  'Research Scientist', 		   3,      '2024-05-12'),
(27,             'Sophia', 	    'Martinez',     29,  'Research Analyst', 		   3,      '2024-05-12'),
(28,             'Daniel', 	    'Wilson',       42,  'Senior Research Scientist',  3,      '2024-05-12'),
(29,             'Emily', 	    'Jones', 	    25,  'Junior Researcher', 		   3,      '2024-05-12'),
(30,             'Alexander',   'Taylor',       36,  'Research Engineer', 		   3,      '2024-05-12'),
(31,             'Madison',     'Brown', 	    30,  'Lead Researcher', 		   3,      '2024-05-12'),
(32,             'James', 	    'Garcia',       32,  'Research Scientist', 		   3,      '2024-05-12'),
(33,             'Avery', 	    'Martinez',     27,  'Research Analyst', 		   3,      '2024-05-12'),
(34,             'Benjamin', 	'Wilson', 	    38,  'Research Scientist', 		   4,      '2024-05-12'),
(35,             'Chloe', 		'Jones', 	    31,  'Research Analyst', 		   4,      '2024-05-12'),
(36,             'Henry', 		'Taylor', 	    26,  'Senior Research Scientist',  4,      '2024-05-12'),
(37,             'Ella', 		'Brown', 	    33,  'Junior Researcher', 		   4,      '2024-05-12'),
(38,             'Christopher', 'Garcia', 	    40,  'Research Engineer', 		   4,      '2024-05-12'),
(39,             'Victoria', 	'Martinez',     29,  'Lead Researcher', 		   4,      '2024-05-12'),
(40,             'Joseph', 		'Wilson', 	    35,  'Research Scientist', 		   4,      '2024-05-12'),
(41,             'Harper', 		'Jones', 	    28,  'Research Analyst', 		   4,      '2024-05-12'),
(42,             'Samuel', 		'Taylor', 	    42,  'Senior Research Scientist',  4,      '2024-05-12'),
(43,             'Lily', 		'Brown', 	    25,  'Junior Researcher',          4,      '2024-05-12'),
(44,             'Natalie', 	'Garcia', 	    36,  'Research Engineer',          4,      '2024-05-12'),
(45,             'Andrew', 		'Martinez',     30,  'Lead Researcher', 		   4,      '2024-05-12'),
(46,             'Abigail', 	'Wilson', 	    34,  'Research Scientist', 		   5,      '2024-05-12'),
(47,             'Jack', 		'Jones', 	    27,  'Research Analyst', 		   5,      '2024-05-12'),
(48,             'Elizabeth',   'Taylor', 	    40,  'Senior Research Scientist',  5,      '2024-05-12'),
(49,             'Michael', 	'Brown', 	    31,  'Junior Researcher',		   5,      '2024-05-12'),
(50,             'Avery', 		'Garcia', 	    38,  'Research Engineer',		   5,      '2024-05-12'),
(51,             'Sofia', 		'Martinez',     29,  'Lead Researcher', 		   5,      '2024-05-12'),
(52,             'Owen', 		'Wilson', 	    33,  'Research Scientist', 		   5,      '2024-05-12'),
(53,             'Emily', 		'Jones', 	    26,  'Research Analyst', 		   5,      '2024-05-12'),
(54,             'Daniel', 		'Taylor', 	    35,  'Senior Research Scientist',  5,      '2024-05-12'),
(55,             'Mia', 		'Brown', 	    30,  'Research Scientist', 		   6,      '2024-05-12'),
(56,             'Lucas', 		'Wilson', 	    27,  'Research Analyst', 		   6,      '2024-05-12'),
(57,             'Evelyn', 		'Taylor', 	    40,  'Senior Research Scientist',  6,      '2024-05-12'),
(58,             'Jackson',	    'Garcia', 	    31,  'Junior Researcher', 		   6,      '2024-05-12'),
(59,             'Grace', 	    'Martinez',     38,  'Research Engineer', 		   6,      '2024-05-12'),
(60,             'Aiden', 	    'Brown', 	    29,  'Lead Researcher', 		   6,      '2024-05-12'),
(61,             'Ella', 	    'Wilson', 	    33,  'Research Scientist', 		   6,      '2024-05-12'),
(62,             'Carter', '	Taylor', 	    28,  'Research Analyst',  		   7,      '2024-05-12'),
(63,             'Scarlett', 	'Garcia', 	    35,  'Senior Research Scientist',  7,      '2024-05-12'),
(64,             'Luke', 		'Martinez',     26,  'Junior Researcher', 		   7,      '2024-05-12'),
(65,             'Madison', 	'Brown', 	    39,  'Research Engineer',		   7,      '2024-05-12'),
(66,             'Gabriel', 	'Wilson',       30,  'Lead Researcher', 		   7,      '2024-05-12'),
(67,             'Hannah', 		'Taylor',       33,  'Research Scientist', 		   7,      '2024-05-12'),
(68,             'Wyatt', 		'Garcia',       27,  'Research Analyst', 		   7,      '2024-05-12'),
(69,             'Avery', 		'Martinez',     36,  'Senior Research Scientist',  7,      '2024-05-12'),
(70,             'Mila', 		'Brown', 	    29,  'Junior Researcher', 		   7,      '2024-05-12'),
(71,             'Henry', 		'Wilson',       38,  'Research Engineer', 		   7,      '2024-05-12'),
(72,             'Layla', 		'Taylor',       31,  'Lead Researcher', 		   7,      '2024-05-12'),
(73,             'Owen', 		'Garcia',       26,  'Research Scientist', 		   7,      '2024-05-12'),
(74,             'Zoey', 		'Martinez',     34,  'Research Analyst',		   7,      '2024-05-12'),
(75,             'Landon', 		'Brown', 	    27,  'Senior Research Scientist',  7,      '2024-05-12'),
(76,             'Nora', 		'Wilson', 	    30,  'Junior Researcher',		   8,      '2024-05-12'),
(77,             'Eli', 		'Garcia', 	    37,  'Research Engineer', 		   8,      '2024-05-12'),
(78,             'Grace', 		'Martinez',     28,  'Lead Researcher', 		   8,      '2024-05-12'),
(79,             'Jonathan', 	'Brown', 	    33,  'Research Scientist', 		   8,      '2024-05-12'),
(80,             'Hazel', 		'Taylor', 	    26,  'Research Analyst', 		   8,      '2024-05-12'),
(81,             'Levi', 		'Garcia', 	    39,  'Senior Research Scientist',  8,      '2024-05-12'),
(82,             'Lillian', 	'Martinez',     27,  'Junior Researcher', 		   8,      '2024-05-12'),
(83,             'Theodore', 	'Brown', 	    34,  'Research Engineer', 		   8,      '2024-05-12'),
(84,             'Claire', 		'Wilson', 	    29,  'Lead Researcher', 		   8,      '2024-05-12'),
(85,             'Aaron', 		'Garcia', 	    36,  'Research Scientist',		   8,      '2024-05-12'),
(86,             'Anna', 		'Martinez',     31,  'Research Analyst', 		   8,      '2024-05-12'),
(87,             'Evan', 		'Brown', 	    38,  'Senior Research Scientist',  9,      '2024-05-12'),
(88,             'Caroline', 	'Wilson', 	    27,  'Junior Researcher', 		   9,      '2024-05-12'),
(89,             'Justin', 		'Garcia', 	    34,  'Research Engineer',		   9,      '2024-05-12'),
(90,             'Hailey', 		'Martinez',     29,  'Lead Researcher', 		   9,      '2024-05-12'),
(91,             'Austin', 		'Brown', 	    36,  'Research Scientist', 	  	   9,      '2024-05-12'),
(92,             'Samantha', 	'Wilson', 	    31,  'Research Analyst', 		   9,      '2024-05-12'),
(93,             'Caleb', 		'Garcia', 	    26,  'Junior Researcher', 		   10,     '2024-05-12'),
(94,             'Elena', 		'Martinez',     33,  'Research Engineer', 		   10,     '2024-05-12'),
(95,             'Nicholas', 	'Brown', 	    28,  'Lead Researcher', 		   10,     '2024-05-12'),
(96,             'Aubrey', 		'Wilson', 	    35,  'Research Scientist', 		   10,     '2024-05-12'),
(97,             'David', 		'Garcia', 	    30,  'Research Analyst', 		   10,     '2024-05-12'),
(98,             'Katherine', 	'Martinez',     37,  'Senior Research Scientist',  10,     '2024-05-12'),
(99,             'Blake', 		'Brown', 	    26,  'Junior Researcher', 		   10,     '2024-05-12'),
(100,            'Brooklyn', 	'Wilson', 	    33,  'Research Engineer',		   10,     '2024-05-12'),
(101,            'Christopher', 'Garcia', 	    28,  'Lead Researcher', 		   10,     '2024-05-12'),
(102,            'Madelyn',     'Martinez',     35,  'Research Scientist',		   10,     '2024-05-12'),
(103,            'Joseph', 	    'Brown', 	    30,  'Research Analyst',		   10,     '2024-05-12'),
(104,            'Nathan', 	    'Wilson', 	    37,  'Senior Research Scientist',  10,     '2024-05-12'),
(105,            'Paige', 	    'Garcia', 	    26,  'Junior Researcher', 		   10,     '2024-05-12');


/*Aircraft*/
INSERT INTO Aircrafts 
(aircraft_id, aircraft_name,  team_owner, weight, capacity, status, loсation, 				  planet_location, create_date,  update_date) VALUES                                                                                                                                      
(1,           'Explorer-1',   1,          50,     20,       0,      (12.345678, 45.678912),   11,             '2024-05-12', NULL),                                                     
(2,           'Voyager-2', 	  2,          60,     25,       0,      (23.456789, -67.891234),  15,             '2024-05-12', NULL),                                                     
(3,           'Pathfinder-3', 3,          45,     18,       1,      (-34.567890, 123.456789), 9,              '2024-05-12', NULL),                                                 
(4,           'Pioneer-4', 	  4,          55,     22,       0,      (-12.345678, -45.678912), 7,              '2024-05-12', NULL),                                                    
(5,           'Adventurer-5', 5,          70,     30,       0,      (-23.456789, 67.891234),  2,              '2024-05-12', NULL),                                                  
(6,           'Pathfinder-6', 6,          48,     20,       2,      (34.567890, -123.456789), NULL,           '2024-05-12', NULL),                                                 
(7,           'Explorer-7',   7,          65,     28,       0,      NULL,                     NULL,           '2024-05-12', NULL),                                                                  
(8,           'Voyager-8', 	  8,          75,     32,       1,      NULL,                     NULL,           '2024-05-12', NULL),                                                                   
(9,           'Adventurer-9', 9,          53,     25,       0,      NULL,                     NULL,           '2024-05-12', NULL),                                                                
(10,          'Pioneer-10',   10,         68,     30,       0,      NULL,                     NULL,           '2024-05-12', NULL);                                                                
(11,          'Discovery-11', 1,          60,     25,       0,      (45.678912, 12.345678),   6,              '2024-05-12', NULL),
(12,          'Navigator-12', 2,          70,     30,       0,      (-67.891234, 23.456789),  1,              '2024-05-12', NULL),
(13,          'Seeker-13', 	  3,          10,     22,       1,      (123.456789, -34.567890), 9,              '2024-05-12', NULL),
(14,          'Explorer-14',  4,          65,     28,       0,      NULL, 					  NULL,           '2024-05-12', NULL),
(15,          'Surveyor-15',  5,          75,     32,       0,      NULL,  					  NULL,           '2024-05-12', NULL);                                                                                                                       

INSERT INTO Planets_x_Ecosystems_x_Resources
(id, planet_id, ecosystem_id, resourse_id, ecosystem_subtype, ecosystem_square, life_presence, resource_quantity, create_date,  update_date) VALUES                                                                                                                                                                              
(1,  1,         1,            1,           4,                 NULL,             NULL,          100.00,            '2024-05-12', NULL),                                                                                                                    
(2,  1,         2,            2,           5,                 NULL,             NULL,          50.00,             '2024-05-12', NULL),                                                                                                                     
(3,  1,         3,            3,           9,                 NULL,             NULL,          200.00,            '2024-05-12', NULL),                                                                                                                    
(4,  2,         4,            4,           12,                NULL,             NULL,          75.00,             '2024-05-12', NULL),                                                                                                                     
(5,  2,         5,            5,           13,                NULL,             NULL,          120.00,            '2024-05-12', NULL),                                                                                                                    
(6,  2,         6,            6,           16,                NULL,             NULL,          80.00,             '2024-05-12', NULL),                                                                                                                     
(7,  3,         7,            7,           19,                NULL,             NULL,          180.00,            '2024-05-12', NULL),                                                                                                                    
(8,  3,         8,            8,           22,                NULL,             NULL,          90.00,             '2024-05-12', NULL),                                                                                                                     
(9,  3,         9,            9,           25,                NULL,             NULL,          150.00,            '2024-05-12', NULL),                                                                                                                    
(10, 4,         10,           10,          27,                NULL,             NULL,          110.00,            '2024-05-12', NULL);      


INSERT INTO Planets_x_Ecosystems_x_Resources
(id, planet_id, ecosystem_id, resourse_id, ecosystem_subtype, ecosystem_square, life_presence, resource_quantity, create_date,  update_date) VALUES
(1,  1,         1,            7, 	       3,                 2125.2342,      	1,             132420.00, 	      '2024-05-12', NULL),
(2,  1,         1,            1, 	       3,                 2570.234,      	1,             823420.00, 	      '2024-05-12', NULL),
(3,  1,         8,            4, 	       22,                8915.1231,      	1,             23450.00,	      '2024-05-12', NULL),
(4,  2,         5,            10, 	       13,                4564540.346,      1,             123450.00, 	      '2024-05-12', NULL),
(5,  2,         5,            2, 	       13,                347675.5363,     	1,             123400.00, 	      '2024-05-12', NULL),
(6,  2,         5,            3, 	       13,                166880.346,      	1,             234270.00, 	      '2024-05-12', NULL),
(7,  3,         2,            NULL,        6,                 689690.234,      	0,             234230.00, 	      '2024-05-12', NULL),
(8,  3,         7,            8, 	       18,                75825.536,     	0,             2340.00,	 	      '2024-05-12', NULL),
(9,  3,         7,            NULL,        19,                4715.435,      	0,             2342340.00, 	      '2024-05-12', NULL),
(10, 4,         2,            7, 	       5,                 45606.547,      	0,             2340.00, 	      '2024-05-12', NULL),
(11, 4,         2,            7, 	       6,                 35680.234,      	0,             2342330.00, 	      '2024-05-12', NULL),
(12, 4,         2,            NULL,        5,                 2580.546,      	0,             234230.00, 	      '2024-05-12', NULL),
(13, 5,         2,            7, 	       6,                 3580.674,      	0,             9234230.00,	      '2024-05-12', NULL),
(14, 5,         2,            2, 	       6,                 45865.346,      	0,             12342310.00,       '2024-05-12', NULL),
(15, 6,         9,            6, 	       24,                5580.3573,      	1,             223420.00, 	      '2024-05-12', NULL),
(16, 6,         9,            8, 	       24,                5620.34,      	1,             2342340.00, 	      '2024-05-12', NULL),
(17, 6,         10,           NULL,        26,                35860.35,      	1,             54360.00, 	      '2024-05-12', NULL),
(18, 7,         1,            9, 	       1,                 35655.57,      	1,             3463463490.00,     '2024-05-12', NULL),
(19, 7,         4,            6, 	       11,                450.345,      	1,             113477310.00,      '2024-05-12', NULL),
(20, 7,         5,            10, 	       13,                2586.46,      	1,             347480.00, 	      '2024-05-12', NULL),
(21, 8,         10,           4, 	       26,                3580.246,     	0,             4377340.00, 	      '2024-05-12', NULL),
(22, 8,         10,           7, 	       26,                2585.47,     		0,             3347340.00, 	      '2024-05-12', NULL),
(23, 8,         10,           NULL,        27,                4560.457,      	0,             347340.00, 	      '2024-05-12', NULL),
(24, 9,         4,            4, 	       11,                6650.457,      	1,             83463460.00,       '2024-05-12', NULL),
(25, 10,        4,            6, 	       11,                45685685.457,     0,             45640.00, 	      '2024-05-12', NULL),
(26, 10,        8,            3, 	       22,                25860.7,      	1,             34634630.00,       '2024-05-12', NULL),
(27, 11,        6,            3, 	       22,                2565680.457,      1,             3336440.00, 	      '2024-05-12', NULL),
(28, 12,        9,            3, 	       23,                25686580.457,     1,             363430.00, 	      '2024-05-12', NULL),
(29, 13,        10,           3, 	       26,                2568568580.457,   1,             34630.00, 	      '2024-05-12', NULL),
(30, 14,        3,            8, 	       9,                 2568560.457,      1,             3346340.00, 	      '2024-05-12', NULL),
(31, 15,        3,            5, 	       10,                25685680.457,     1,             363430.00, 	      '2024-05-12', NULL),
  


INSERT INTO Expeditions_x_Teams 
(id, expedition_id, team_id, staff_quantity, create_date,  update_date) VALUES
(1,  1,             1,       10,             '2024-05-12', NULL),
(2,  1,             2,       5,              '2024-05-12', NULL),
(3,  2,             3,       4,              '2024-05-12', NULL),
(4,  2,             4,       4,              '2024-05-12', NULL),
(5,  3,             5,       3,              '2024-05-12', NULL),
(6,  3,             6,       3,              '2024-05-12', NULL),
(7,  4,             7,       6,              '2024-05-12', NULL),
(8,  4,             8,       6,              '2024-05-12', NULL),
(9,  5,             9,       4,              '2024-05-12', NULL),
(10, 5,             10,      3,              '2024-05-12', NULL),
(11, 6,             1,       3,              '2024-05-12', NULL),
(12, 6,             2,       2,              '2024-05-12', NULL),
(13, 7,             3,       8,              '2024-05-12', NULL),
(14, 7,             4,       3,              '2024-05-12', NULL),
(15, 8,             5,       6,              '2024-05-12', NULL),
(16, 8,             6,       6,              '2024-05-12', NULL),
(17, 9,             7,       3,              '2024-05-12', NULL),
(18, 9,             8,       3,              '2024-05-12', NULL),
(19, 10,            9,       5,              '2024-05-12', NULL),
(20, 10,            10,      5,              '2024-05-12', NULL),
(21, 11,            1,       8,              '2024-05-12', NULL),
(22, 11,            2,       7,              '2024-05-12', NULL),
(23, 12,            3,       5,              '2024-05-12', NULL),
(24, 12,            4,       5,              '2024-05-12', NULL),
(25, 13,            5,       4,              '2024-05-12', NULL),
(26, 13,            6,       4,              '2024-05-12', NULL),
(27, 14,            7,       10,             '2024-05-12', NULL),
(28, 14,            8,       10,             '2024-05-12', NULL),
(29, 15,            9,       2,              '2024-05-12', NULL),
(30, 15,            10,      2,              '2024-05-12', NULL),
(31, 16,            1,       7,              '2024-05-12', NULL),
(32, 16,            2,       6,              '2024-05-12', NULL),
(33, 17,            3,       5,              '2024-05-12', NULL),
(34, 17,            4,       5,              '2024-05-12', NULL),
(35, 18,            5,       3,              '2024-05-12', NULL),
(36, 18,            6,       3,              '2024-05-12', NULL),
(37, 19,            7,       4,              '2024-05-12', NULL),
(38, 19,            8,       4,              '2024-05-12', NULL),
(39, 20,            9,       6,              '2024-05-12', NULL),
(40, 20,            10,      6,              '2024-05-12', NULL),
(41, 21,            1,       9,              '2024-05-12', NULL),
(42, 21,            2,       9,              '2024-05-12', NULL),
(43, 22,            3,       2,              '2024-05-12', NULL),
(44, 22,            4,       2,              '2024-05-12', NULL),
(45, 23,            5,       5,              '2024-05-12', NULL),
(46, 23,            6,       5,              '2024-05-12', NULL),
(47, 24,            7,       6,              '2024-05-12', NULL),
(48, 24,            8,       6,              '2024-05-12', NULL);
                                                                       
                                                                                                                 
INSERT INTO Teams_x_Researches 
(id,  team_id, researchers_id, employ_date,  dismissaled_date, create_date,  update_date) VALUES                                                                                                           
(1,   1,       1,              '2023-01-01', '2999-12-31',     '2024-05-12', NULL),
(2,   1,       2,              '2023-01-01', '2999-12-31',     '2024-05-12', NULL),
(3,   1,       3,              '2023-01-01', '2999-12-31',     '2024-05-12', NULL),
(4,   1,       4,              '2023-01-01', '2999-12-31',     '2024-05-12', NULL),
(5,   1,       5,              '2023-01-01', '2999-12-31',     '2024-05-12', NULL),
(6,   1,       6,              '2023-01-01', '2999-12-31',     '2024-05-12', NULL),
(7,   1,       7,              '2023-01-01', '2999-12-31',     '2024-05-12', NULL),
(8,   1,       8,              '2023-01-01', '2999-12-31',     '2024-05-12', NULL),
(9,   1,       9,              '2023-01-01', '2999-12-31',     '2024-05-12', NULL),
(10,  1,       10,             '2023-01-01', '2999-12-31',     '2024-05-12', NULL),
(11,  1,       11,             '2023-01-01', '2999-12-31',     '2024-05-12', NULL),
(12,  1,       12,             '2023-01-01', '2999-12-31',     '2024-05-12', NULL),
(13,  1,       13,             '2023-01-01', '2999-12-31',     '2024-05-12', NULL),
(14,  1,       14,             '2023-01-01', '2999-12-31',     '2024-05-12', NULL),
(15,  1,       15,             '2023-01-01', '2999-12-31',     '2024-05-12', NULL),                         
(16,  2,       16,             '2023-01-01', '2999-12-31',     '2024-05-12', NULL),
(17,  2,       17,             '2023-01-01', '2999-12-31',     '2024-05-12', NULL),
(18,  2,       18,             '2023-01-01', '2999-12-31',     '2024-05-12', NULL),
(19,  2,       19,             '2023-01-01', '2999-12-31',     '2024-05-12', NULL),
(20,  2,       20,             '2023-01-01', '2999-12-31',     '2024-05-12', NULL),
(21,  2,       21,             '2023-01-01', '2999-12-31',     '2024-05-12', NULL),
(22,  2,       22,             '2023-01-01', '2999-12-31',     '2024-05-12', NULL),
(23,  2,       23,             '2023-01-01', '2999-12-31',     '2024-05-12', NULL),
(24,  2,       24,             '2023-01-01', '2999-12-31',     '2024-05-12', NULL),
(25,  2,       25,             '2023-01-01', '2999-12-31',     '2024-05-12', NULL),                          
(26,  3,       26,             '2023-01-01', '2999-12-31',     '2024-05-12', NULL),
(27,  3,       27,             '2023-01-01', '2999-12-31',     '2024-05-12', NULL),
(28,  3,       28,             '2023-01-01', '2999-12-31',     '2024-05-12', NULL),
(29,  3,       29,             '2023-01-01', '2999-12-31',     '2024-05-12', NULL),
(30,  3,       30,             '2023-01-01', '2999-12-31',     '2024-05-12', NULL),
(31,  3,       31,             '2023-01-01', '2999-12-31',     '2024-05-12', NULL),
(32,  3,       32,             '2023-01-01', '2999-12-31',     '2024-05-12', NULL),
(33,  3,       33,             '2023-01-01', '2999-12-31',     '2024-05-12', NULL),                        
(34,  4,       34,             '2023-01-01', '2999-12-31',     '2024-05-12', NULL),
(35,  4,       35,             '2023-01-01', '2999-12-31',     '2024-05-12', NULL),
(36,  4,       36,             '2023-01-01', '2999-12-31',     '2024-05-12', NULL),
(37,  4,       37,             '2023-01-01', '2999-12-31',     '2024-05-12', NULL),
(38,  4,       38,             '2023-01-01', '2999-12-31',     '2024-05-12', NULL),
(39,  4,       39,             '2023-01-01', '2999-12-31',     '2024-05-12', NULL),
(40,  4,       40,             '2023-01-01', '2999-12-31',     '2024-05-12', NULL),
(41,  4,       41,             '2023-01-01', '2999-12-31',     '2024-05-12', NULL),
(42,  4,       42,             '2023-01-01', '2999-12-31',     '2024-05-12', NULL),
(43,  4,       43,             '2023-01-01', '2999-12-31',     '2024-05-12', NULL),
(44,  4,       44,             '2023-01-01', '2999-12-31',     '2024-05-12', NULL),
(45,  4,       45,             '2023-01-01', '2999-12-31',     '2024-05-12', NULL),                      
(46,  5,       46,             '2023-01-01', '2999-12-31',     '2024-05-12', NULL),
(47,  5,       47,             '2023-01-01', '2999-12-31',     '2024-05-12', NULL),
(48,  5,       48,             '2023-01-01', '2999-12-31',     '2024-05-12', NULL),
(49,  5,       49,             '2023-01-01', '2999-12-31',     '2024-05-12', NULL),
(50,  5,       50,             '2023-01-01', '2999-12-31',     '2024-05-12', NULL),
(51,  5,       51,             '2023-01-01', '2999-12-31',     '2024-05-12', NULL),
(52,  5,       52,             '2023-01-01', '2999-12-31',     '2024-05-12', NULL),
(53,  5,       53,             '2023-01-01', '2999-12-31',     '2024-05-12', NULL),
(54,  5,       54,             '2023-01-01', '2999-12-31',     '2024-05-12', NULL),                         
(55,  6,       55,             '2023-01-01', '2999-12-31',     '2024-05-12', NULL),
(56,  6,       56,             '2023-01-01', '2999-12-31',     '2024-05-12', NULL),
(57,  6,       57,             '2023-01-01', '2999-12-31',     '2024-05-12', NULL),
(58,  6,       58,             '2023-01-01', '2999-12-31',     '2024-05-12', NULL),
(59,  6,       59,             '2023-01-01', '2999-12-31',     '2024-05-12', NULL),
(60,  6,       60,             '2023-01-01', '2999-12-31',     '2024-05-12', NULL),
(61,  6,       61,             '2023-01-01', '2999-12-31',     '2024-05-12', NULL),
(62,  7,       62,             '2023-01-01', '2999-12-31',     '2024-05-12', NULL),
(63,  7,       63,             '2023-01-01', '2999-12-31',     '2024-05-12', NULL),
(64,  7,       64,             '2023-01-01', '2999-12-31',     '2024-05-12', NULL),
(65,  7,       65,             '2023-01-01', '2999-12-31',     '2024-05-12', NULL),
(66,  7,       66,             '2023-01-01', '2999-12-31',     '2024-05-12', NULL),
(67,  7,       67,             '2023-01-01', '2999-12-31',     '2024-05-12', NULL),
(68,  7,       68,             '2023-01-01', '2999-12-31',     '2024-05-12', NULL),
(69,  7,       69,             '2023-01-01', '2999-12-31',     '2024-05-12', NULL),
(70,  7,       70,             '2023-01-01', '2999-12-31',     '2024-05-12', NULL),
(71,  7,       71,             '2023-01-01', '2999-12-31',     '2024-05-12', NULL),
(72,  7,       72,             '2023-01-01', '2999-12-31',     '2024-05-12', NULL),
(73,  7,       73,             '2023-01-01', '2999-12-31',     '2024-05-12', NULL),
(74,  7,       74,             '2023-01-01', '2999-12-31',     '2024-05-12', NULL),
(75,  7,       75,             '2023-01-01', '2999-12-31',     '2024-05-12', NULL),
(76,  8,       76,             '2023-01-01', '2999-12-31',     '2024-05-12', NULL),
(77,  8,       77,             '2023-01-01', '2999-12-31',     '2024-05-12', NULL),
(78,  8,       78,             '2023-01-01', '2999-12-31',     '2024-05-12', NULL),
(79,  8,       79,             '2023-01-01', '2999-12-31',     '2024-05-12', NULL),
(80,  8,       80,             '2023-01-01', '2999-12-31',     '2024-05-12', NULL),
(81,  8,       81,             '2023-01-01', '2999-12-31',     '2024-05-12', NULL),
(82,  8,       82,             '2023-01-01', '2999-12-31',     '2024-05-12', NULL),
(83,  8,       83,             '2023-01-01', '2999-12-31',     '2024-05-12', NULL),
(84,  8,       84,             '2023-01-01', '2999-12-31',     '2024-05-12', NULL),
(85,  8,       85,             '2023-01-01', '2999-12-31',     '2024-05-12', NULL),
(86,  8,       86,             '2023-01-01', '2999-12-31',     '2024-05-12', NULL),
(87,  9,       87,             '2023-01-01', '2999-12-31',     '2024-05-12', NULL),
(88,  9,       88,             '2023-01-01', '2999-12-31',     '2024-05-12', NULL),
(89,  9,       89,             '2023-01-01', '2999-12-31',     '2024-05-12', NULL),
(90,  9,       90,             '2023-01-01', '2999-12-31',     '2024-05-12', NULL),
(91,  9,       91,             '2023-01-01', '2999-12-31',     '2024-05-12', NULL),
(92,  9,       92,             '2023-01-01', '2999-12-31',     '2024-05-12', NULL),
(93,  10,      93,             '2023-01-01', '2999-12-31',     '2024-05-12', NULL),
(94,  10,      94,             '2023-01-01', '2999-12-31',     '2024-05-12', NULL),
(95,  10,      95,             '2023-01-01', '2999-12-31',     '2024-05-12', NULL),
(96,  10,      96,             '2023-01-01', '2999-12-31',     '2024-05-12', NULL),
(97,  10,      97,             '2023-01-01', '2999-12-31',     '2024-05-12', NULL),
(98,  10,      98,             '2023-01-01', '2999-12-31',     '2024-05-12', NULL),
(99,  10,      99,             '2023-01-01', '2999-12-31',     '2024-05-12', NULL),
(100, 10,      100,            '2023-01-01', '2999-12-31',     '2024-05-12', NULL),
(101, 10,      101,            '2023-01-01', '2999-12-31',     '2024-05-12', NULL),
(102, 10,      102,            '2023-01-01', '2999-12-31',     '2024-05-12', NULL),
(103, 10,      103,            '2023-01-01', '2999-12-31',     '2024-05-12', NULL),
(104, 10,      104,            '2023-01-01', '2999-12-31',     '2024-05-12', NULL),
(105, 10,      105,            '2023-01-01', '2999-12-31',     '2024-05-12', NULL);























                                                                                                                                                                                    